"No.","Quantity","Comment","Designator","Footprint","Value","Manufacturer Part","Manufacturer","Supplier Part","Supplier"
"1","10","100nF","C1,C2,C3,C4,C5,C6,C7,C8,C9,C10","C0603","100nF","CC0603KRX7R9BB104","YAGEO(国巨)","C14663","LCSC"
"2","2","100uF","C11,C12","CAP-TH_BD6.3-P2.50-D0.5-FD-100UF25V6.3X11KM","100uF","100uF25V6.3x11KM","Econd(米朗电子)","C49304911","LCSC"
"3","1","SS34","D1","SMA_L4.3-W2.6-LS5.2-RD","","SS34","MDD(辰达半导体)","C8678","LCSC"
"4","2","PBC15SAEN","H1,H2","HDR-TH_15P-P2.54_PBC15SAEN","","PBC15SAEN","Sullins","C5823558","LCSC"
"5","10","KF301-2P接线端子","P1,P2,P3,P4,P5,P6,P7,P8,P9,P10","CONN-TH_XY301V-A-5.0-2P","","KF301-2P接线端子","","C9900016950","LCSC"
"6","3","100mΩ","R1,R2,R3","RES-TH_BD3.3-L9.0-P13.00-D0.6","100mΩ","MF1/2W-0.1Ω±1% T","CCO(千志电子)","C119393","LCSC"
"7","2","4.7kΩ","R4,R5","R1206","4.7kΩ","1206W4F4701T5E","UNI-ROYAL(厚声)","C17936","LCSC"
"8","1","18.2kΩ","R6","R0805","18.2kΩ","0805W8F1822T5E","UNI-ROYAL(厚声)","C17497","LCSC"
"9","2","TB6612FNG(O,C,8,EL","U1,U2","SSOP-24_L8.4-W5.8-P0.65-LS7.8-BL","","TB6612FNG(O,C,8,EL","TOSHIBA(东芝)","C88224","LCSC"
"10","3","INA219AIDR","U3,U4,U5","SOIC-8_L4.9-W3.9-P1.27-LS6.0-BL","","INA219AIDR","TI(德州仪器)","C138706","LCSC"
"11","1","LM2596-5.0FW05ARHQ","U6","TO-263-5_L10.1-W8.7-P1.70-LS14.4-BR","","LM2596-5.0FW05ARHQ","GR(国睿)","C46641091","LCSC"
"12","1","100uH","U7","IND-SMD_L10.0-W9.0","100uH","CD104NP-101KC","Sumida(胜美达)","C2455279","LCSC"
