"Designator","Device","Footprint","Mid X","Mid Y","Ref X","Ref Y","Pad X","Pad Y","Pins","Layer","Rotation","SMD","Comment","Name"
"C1","CC0603KRX7R9BB104","C0603","21.59mm","18.415mm","21.59mm","18.415mm","20.89mm","18.415mm","2","T","0","Yes","100nF","100nF"
"C2","CC0603KRX7R9BB104","C0603","34.798mm","17.907mm","34.798mm","17.907mm","34.098mm","17.907mm","2","T","0","Yes","100nF","100nF"
"C3","CC0603KRX7R9BB104","C0603","43.434mm","18.923mm","43.434mm","18.923mm","42.734mm","18.923mm","2","T","0","Yes","100nF","100nF"
"C4","CC0603KRX7R9BB104","C0603","56.515mm","18.034mm","56.515mm","18.034mm","55.815mm","18.034mm","2","T","0","Yes","100nF","100nF"
"C5","CC0603KRX7R9BB104","C0603","88mm","33.782mm","88mm","33.782mm","87.3mm","33.782mm","2","T","0","Yes","100nF","100nF"
"C6","CC0603KRX7R9BB104","C0603","88mm","24.765mm","88mm","24.765mm","87.3mm","24.765mm","2","T","0","Yes","100nF","100nF"
"C7","CC0603KRX7R9BB104","C0603","88mm","15.875mm","88mm","15.875mm","87.3mm","15.875mm","2","T","0","Yes","100nF","100nF"
"C8","CC0603KRX7R9BB104","C0603","71.12mm","37.338mm","71.12mm","37.338mm","70.42mm","37.338mm","2","T","0","Yes","100nF","100nF"
"C9","CC0603KRX7R9BB104","C0603","20.828mm","31.242mm","20.828mm","31.242mm","21.528mm","31.242mm","2","T","180","Yes","100nF","100nF"
"C10","CC0603KRX7R9BB104","C0603","20.853mm","50.19mm","20.853mm","50.19mm","20.153mm","50.19mm","2","T","0","Yes","100nF","100nF"
"C11","100uF25V6.3x11KM","CAP-TH_BD6.3-P2.50-D0.5-FD-100UF25V6.3X11KM","70.231mm","47.879mm","70.231mm","47.879mm","68.981mm","47.879mm","2","T","0","No","100uF","100uF"
"C12","100uF25V6.3x11KM","CAP-TH_BD6.3-P2.50-D0.5-FD-100UF25V6.3X11KM","61.976mm","47.879mm","61.976mm","47.879mm","60.726mm","47.879mm","2","T","0","No","100uF","100uF"
"D1","SS34_C8678","SMA_L4.3-W2.6-LS5.2-RD","68.326mm","29.972mm","68.326mm","29.972mm","66.126mm","29.972mm","2","T","0","Yes","SS34","SS34"
"H1","PBC15SAEN","HDR-TH_15P-P2.54_PBC15SAEN","38mm","53.4mm","38mm","53.4mm","20.22mm","53.4mm","15","T","0","No","PBC15SAEN","PBC15SAEN"
"H2","PBC15SAEN","HDR-TH_15P-P2.54_PBC15SAEN","38mm","28mm","38mm","28mm","20.22mm","28mm","15","T","0","No","PBC15SAEN","PBC15SAEN"
"P1","KF301-2P接线端子","CONN-TH_XY301V-A-5.0-2P","22mm","6mm","22mm","6mm","24.5mm","6mm","2","T","180","No","KF301-2P接线端子","KF301-2P接线端子"
"P2","KF301-2P接线端子","CONN-TH_XY301V-A-5.0-2P","33mm","6mm","33mm","6mm","35.5mm","6mm","2","T","180","No","KF301-2P接线端子","KF301-2P接线端子"
"P3","KF301-2P接线端子","CONN-TH_XY301V-A-5.0-2P","44mm","6mm","44mm","6mm","46.5mm","6mm","2","T","180","No","KF301-2P接线端子","KF301-2P接线端子"
"P4","KF301-2P接线端子","CONN-TH_XY301V-A-5.0-2P","55mm","6mm","55mm","6mm","57.5mm","6mm","2","T","180","No","KF301-2P接线端子","KF301-2P接线端子"
"P5","KF301-2P接线端子","CONN-TH_XY301V-A-5.0-2P","93mm","6mm","93mm","6mm","95.5mm","6mm","2","T","180","No","KF301-2P接线端子","KF301-2P接线端子"
"P6","KF301-2P接线端子","CONN-TH_XY301V-A-5.0-2P","82mm","6mm","82mm","6mm","84.5mm","6mm","2","T","180","No","KF301-2P接线端子","KF301-2P接线端子"
"P7","KF301-2P接线端子","CONN-TH_XY301V-A-5.0-2P","72mm","6mm","72mm","6mm","74.5mm","6mm","2","T","180","No","KF301-2P接线端子","KF301-2P接线端子"
"P8","KF301-2P接线端子","CONN-TH_XY301V-A-5.0-2P","94.635mm","44.191mm","94.635mm","44.191mm","94.635mm","46.691mm","2","T","270","No","KF301-2P接线端子","KF301-2P接线端子"
"P9","KF301-2P接线端子","CONN-TH_XY301V-A-5.0-2P","94.635mm","33.191mm","94.635mm","33.191mm","94.635mm","35.691mm","2","T","270","No","KF301-2P接线端子","KF301-2P接线端子"
"P10","KF301-2P接线端子","CONN-TH_XY301V-A-5.0-2P","94.635mm","22.191mm","94.635mm","22.191mm","94.635mm","24.691mm","2","T","270","No","KF301-2P接线端子","KF301-2P接线端子"
"R1","MF1/2W-0.1Ω±1% T","RES-TH_BD3.3-L9.0-P13.00-D0.6","67.818mm","24.384mm","67.818mm","24.384mm","61.318mm","24.384mm","2","T","0","No","100mΩ","100mΩ"
"R2","MF1/2W-0.1Ω±1% T","RES-TH_BD3.3-L9.0-P13.00-D0.6","67.945mm","13.843mm","67.945mm","13.843mm","61.445mm","13.843mm","2","T","0","No","100mΩ","100mΩ"
"R3","MF1/2W-0.1Ω±1% T","RES-TH_BD3.3-L9.0-P13.00-D0.6","68.072mm","18.542mm","68.072mm","18.542mm","61.572mm","18.542mm","2","T","0","No","100mΩ","100mΩ"
"R4","1206W4F4701T5E","R1206","28.702mm","45.212mm","28.702mm","45.212mm","27.223mm","45.212mm","2","T","0","Yes","4.7kΩ","4.7kΩ"
"R5","1206W4F4701T5E","R1206","28.702mm","41.402mm","28.702mm","41.402mm","27.223mm","41.402mm","2","T","0","Yes","4.7kΩ","4.7kΩ"
"R6","0805W8F1822T5E","R0805","28.194mm","37.719mm","28.194mm","37.719mm","27.194mm","37.719mm","2","T","0","Yes","18.2kΩ","18.2kΩ"
"U1","TB6612FNG(O,C,8,EL","SSOP-24_L8.4-W5.8-P0.65-LS7.8-BL","28mm","18mm","28mm","18mm","24.425mm","14.509mm","24","T","0","Yes","TB6612FNG(O,C,8,EL","TB6612FNG(O,C,8,EL"
"U2","TB6612FNG(O,C,8,EL","SSOP-24_L8.4-W5.8-P0.65-LS7.8-BL","50mm","18mm","50mm","18mm","46.425mm","14.509mm","24","T","0","Yes","TB6612FNG(O,C,8,EL","TB6612FNG(O,C,8,EL"
"U3","INA219AIDR","SOIC-8_L4.9-W3.9-P1.27-LS6.0-BL","80.518mm","36.068mm","80.518mm","36.068mm","78.613mm","33.468mm","8","T","0","Yes","INA219AIDR","INA219AIDR"
"U4","INA219AIDR","SOIC-8_L4.9-W3.9-P1.27-LS6.0-BL","80.899mm","26.035mm","80.899mm","26.035mm","78.994mm","23.435mm","8","T","0","Yes","INA219AIDR","INA219AIDR"
"U5","INA219AIDR","SOIC-8_L4.9-W3.9-P1.27-LS6.0-BL","81.026mm","15.748mm","81.026mm","15.748mm","79.121mm","13.148mm","8","T","0","Yes","INA219AIDR","INA219AIDR"
"U6","LM2596-5.0FW05ARHQ","TO-263-5_L10.1-W8.7-P1.70-LS14.4-BR","61.086mm","37.756mm","61.086mm","37.756mm","66.035mm","34.356mm","6","T","0","Yes","LM2596-5.0FW05ARHQ","LM2596-5.0FW05ARHQ"
"U7","CD104NP-101KC","IND-SMD_L10.0-W9.0","82.918mm","50.117mm","82.918mm","50.117mm","79.318mm","50.117mm","2","T","0","Yes","100uH","100uH"
